Source,SS,ddof1,ddof2,MS,F,p_unc,p_GG_corr,ng2,eps
chunking,1.0674728059924885,2,316,0.5337364029962443,28.883955810103885,3.0160660146884047e-12,4.6909664234710556e-11,0.026691244452309658,0.8793021179052254
embedding,0.16649004615808338,1,158,0.16649004615808338,6.34473208286096,0.0127673686825131,0.0127673686825131,0.004258886687965593,1.0
chunking * embedding,0.027348200466525086,2,316,0.013674100233262543,3.3581707703152954,0.03604522683566963,0.03630740679675781,0.0007020775914877094,0.9944863001819069
